{
    "header": {
        "nx": 720,
        "ny": 361,
        "lat1": 90,
        "dx": 0.5,
        "lat2": -90,
        "lon1": 0,
        "dy": 0.5,
        "lon2": 359.5,
        "data": [
            "u",
            "v"
        ],
        "lonlat_data": "lon_lat"
    },
    "data": {
        "117.2_39.91667": [
            90,
            0.5
        ],
        "114.1_34.5": [
            90,
            0.4
        ],
        "113.23333_39.13333": [
            225,
            0.7
        ],
        "120.2_22.2": [
            200,
            1
        ],
        "106.45_23.16667": [
            225,
            0.9
        ],
        "119.3_30.26667": [
            180,
            1.5
        ],
        "103.73333_29.56667": [
            318,
            1.7
        ],
        "106.71667_26.08333": [
            180,
            2
        ],
        "113_36.03333": [
            57,
            1.8
        ],
        "118.78333_26.56667": [
            157,
            3.2
        ],
        "115.9_28.21667": [
            57,
            3.3
        ],
        "123.38333_32.05": [
            320,
            2.4
        ],
        "112.53333_28.68333": [
            180,
            1.9
        ],
        "104.06667_41.8": [
            25,
            2.8
        ],
        "91_37.86667": [
            180,
            3.2
        ],
        "87.68333_30.66667": [
            8,
            2.5
        ],
        "102.73333_29.6": [
            213,
            1.8
        ],
        "108.95_43.76667": [
            27,
            1.3
        ],
        "101.75_25.05": [
            113,
            1.4
        ],
        "106.26667_34.26667": [
            180,
            0.8
        ],
        "126.63333_36.56667": [
            20,
            1.5
        ],
        "125.35_38.46667": [
            67,
            2.4
        ],
        "114.31667_45.75": [
            315,
            2
        ],
        "113.65_43.88333": [
            20,
            2.3
        ],
        "114.48333_30.51667": [
            135,
            1.3
        ],
        "110.35_34.76667": [
            318,
            1.9
        ],
        "113.5_38.03333": [
            215,
            1.8
        ],
        "110.35_20.01667": [
            10,
            4.3
        ],
        "113.5_22.2": [
            157,
            2.1
        ]
    }
}